{"Start": 4.002094268798828, "End": 31.619857788085938}