id,start_time,end_time
1.0,4.9097747802734375,5.908916473388672
2.0,5.978794097900391,6.2831878662109375
1.0,6.458705902099609,6.504676818847656
2.0,6.513248443603516,6.770893096923828
3.0,7.471637725830078,8.399055480957031
4.0,9.01654052734375,9.997207641601562
4.0,10.019638061523438,10.120262145996094
5.0,10.862205505371094,10.885452270507812
4.0,10.9371337890625,10.957893371582031
5.0,11.032562255859375,11.043357849121094
4.0,11.056671142578125,11.171836853027344
6.0,11.984130859375,12.828605651855469
6.0,13.195968627929688,13.539009094238281
7.0,13.602714538574219,14.599540710449219
7.0,14.612075805664062,14.642356872558594
8.0,15.099655151367188,16.06786346435547
8.0,16.100181579589844,16.597373962402344
9.0,16.635833740234375,17.63037109375
9.0,17.640609741210938,17.734481811523438
10.0,18.06330108642578,18.90137481689453
11.0,19.504493713378906,20.46747589111328
12.0,20.94165802001953,21.937721252441406
12.0,21.953651428222656,22.013336181640625
13.0,22.476097106933594,23.464744567871094
13.0,23.482131958007812,23.870223999023438
14.0,23.919815063476562,24.91339111328125
15.0,25.475372314453125,26.301666259765625
15.0,26.553672790527344,26.67224884033203
