{"cameraMode":{"drawMode":0,"name":"Shaded","section":"Shading Mode"},"sceneLighting":false,"audioPlay":false,"sceneViewState":{"m_AlwaysRefresh":false,"showFog":true,"showSkybox":false,"showFlares":true,"showImageEffects":true,"showParticleSystems":true,"showVisualEffectGraphs":true,"m_FxEnabled":true},"in2DMode":false,"pivot":{"x":0.08544600009918213,"y":0.35569703578948977,"z":-0.47612035274505618},"rotation":{"x":0.07726533710956574,"y":-0.25457891821861269,"z":0.022175529971718789,"w":0.9644184708595276},"size":0.6364931464195252,"orthographic":false}