{"cameraMode":{"drawMode":0,"name":"Shaded","section":"Shading Mode"},"sceneLighting":false,"audioPlay":false,"sceneViewState":{"m_AlwaysRefresh":false,"showFog":true,"showSkybox":false,"showFlares":true,"showImageEffects":true,"showParticleSystems":true,"showVisualEffectGraphs":true,"m_FxEnabled":true},"in2DMode":false,"pivot":{"x":0.04259559139609337,"y":0.12147577852010727,"z":0.2058815062046051},"rotation":{"x":0.08438144624233246,"y":-0.25931689143180849,"z":0.024480361491441728,"w":0.9625003337860107},"size":0.6364931464195252,"orthographic":false}