{"Start": 4.006622314453125, "End": 31.6239013671875}