id,start_time,end_time
1.0,4.505485534667969,4.992759704589844
2.0,5.7025909423828125,6.421699523925781
3.0,7.317756652832031,7.7059783935546875
4.0,8.844329833984375,9.531417846679688
6.0,11.907623291015625,12.455062866210938
7.0,13.530242919921875,14.354415893554688
8.0,15.065567016601562,15.065567016601562
9.0,16.232666015625,16.56671142578125
11.0,19.174896240234375,19.2293701171875
12.0,20.914520263671875,21.847564697265625
13.0,22.467483520507812,22.529083251953125
14.0,24.282012939453125,24.3984375
15.0,25.542251586914062,26.02252197265625
