{"cameraMode":{"drawMode":0,"name":"Shaded","section":"Shading Mode"},"sceneLighting":true,"audioPlay":false,"sceneViewState":{"m_AlwaysRefresh":false,"showFog":true,"showSkybox":true,"showFlares":true,"showImageEffects":true,"showParticleSystems":true,"showVisualEffectGraphs":true,"m_FxEnabled":true},"in2DMode":false,"pivot":{"x":28.330461502075197,"y":10.039477348327637,"z":27.832881927490236},"rotation":{"x":-0.029049022123217584,"y":0.9600077867507935,"z":-0.10692617297172547,"w":-0.2582232356071472},"size":1.0668085813522339,"orthographic":false}