{"cameraMode":{"drawMode":0,"name":"Shaded","section":"Shading Mode"},"sceneLighting":true,"audioPlay":false,"sceneViewState":{"m_AlwaysRefresh":false,"showFog":true,"showSkybox":true,"showFlares":true,"showImageEffects":true,"showParticleSystems":true,"showVisualEffectGraphs":true,"m_FxEnabled":true},"in2DMode":false,"pivot":{"x":2.438591480255127,"y":0.531636118888855,"z":2.882812261581421},"rotation":{"x":0.07172288000583649,"y":-0.5934591889381409,"z":0.054767996072769168,"w":0.8006094694137573},"size":0.8660253882408142,"orthographic":false}