{"cameraMode":{"drawMode":0,"name":"Shaded","section":"Shading Mode"},"sceneLighting":true,"audioPlay":false,"sceneViewState":{"m_AlwaysRefresh":false,"showFog":true,"showSkybox":true,"showFlares":true,"showImageEffects":true,"showParticleSystems":true,"showVisualEffectGraphs":true,"m_FxEnabled":true},"in2DMode":false,"pivot":{"x":0.028467655181884767,"y":0.3570718765258789,"z":-0.1476125717163086},"rotation":{"x":-0.10039886087179184,"y":0.8958719372749329,"z":-0.2598536014556885,"w":-0.34613561630249026},"size":5.3205718994140629,"orthographic":false}