{"cameraMode":{"drawMode":0,"name":"Shaded","section":"Shading Mode"},"sceneLighting":true,"audioPlay":false,"sceneViewState":{"m_AlwaysRefresh":false,"showFog":true,"showSkybox":true,"showFlares":true,"showImageEffects":true,"showParticleSystems":true,"showVisualEffectGraphs":true,"m_FxEnabled":true},"in2DMode":false,"pivot":{"x":-1.8274732828140259,"y":9.358610153198243,"z":-16.195262908935548},"rotation":{"x":0.230527862906456,"y":0.07450874149799347,"z":-0.01675310917198658,"w":0.9706981778144836},"size":0.018888354301452638,"orthographic":false}