{"Start": 4.001220703125, "End": 49.4178466796875}