{"cameraMode":{"drawMode":0,"name":"Shaded","section":"Shading Mode"},"sceneLighting":false,"audioPlay":false,"sceneViewState":{"m_AlwaysRefresh":false,"showFog":true,"showSkybox":false,"showFlares":true,"showImageEffects":true,"showParticleSystems":true,"showVisualEffectGraphs":true,"m_FxEnabled":true},"in2DMode":false,"pivot":{"x":-0.10027427971363068,"y":0.033733904361724856,"z":0.09657406806945801},"rotation":{"x":0.010254818946123124,"y":-0.9628803730010986,"z":0.26929327845573428,"w":0.0376904234290123},"size":0.644037127494812,"orthographic":false}