{"cameraMode":{"drawMode":0,"name":"Shaded","section":"Shading Mode"},"sceneLighting":false,"audioPlay":false,"sceneViewState":{"m_AlwaysRefresh":false,"showFog":true,"showSkybox":false,"showFlares":true,"showImageEffects":true,"showParticleSystems":true,"showVisualEffectGraphs":true,"m_FxEnabled":true},"in2DMode":false,"pivot":{"x":26.11711311340332,"y":17.694150924682618,"z":6.855336666107178},"rotation":{"x":-0.028293509036302568,"y":0.8829882740974426,"z":0.057997576892375949,"w":0.46628522872924807},"size":10.063056945800782,"orthographic":false}