{"cameraMode":{"drawMode":0,"name":"Shaded","section":"Shading Mode"},"sceneLighting":false,"audioPlay":false,"sceneViewState":{"m_AlwaysRefresh":false,"showFog":true,"showSkybox":false,"showFlares":true,"showImageEffects":true,"showParticleSystems":true,"showVisualEffectGraphs":true,"m_FxEnabled":true},"in2DMode":false,"pivot":{"x":0.45564505457878115,"y":-0.4302525520324707,"z":0.5794430375099182},"rotation":{"x":-0.4975478947162628,"y":-0.014548680745065213,"z":0.008263951167464257,"w":-0.8679831027984619},"size":1.4146634340286255,"orthographic":false}