{"cameraMode":{"drawMode":0,"name":"Shaded","section":"Shading Mode"},"sceneLighting":false,"audioPlay":false,"sceneViewState":{"m_AlwaysRefresh":false,"showFog":true,"showSkybox":false,"showFlares":true,"showImageEffects":true,"showParticleSystems":true,"showVisualEffectGraphs":true,"m_FxEnabled":true},"in2DMode":false,"pivot":{"x":-1.0313029289245606,"y":-0.158930703997612,"z":1.9238736629486085},"rotation":{"x":-0.11102233827114105,"y":0.26776421070098879,"z":-0.031154518947005273,"w":-0.957200825214386},"size":1.4146634340286255,"orthographic":false}