{"cameraMode":{"drawMode":0,"name":"Shaded","section":"Shading Mode"},"sceneLighting":false,"audioPlay":false,"sceneViewState":{"m_AlwaysRefresh":false,"showFog":true,"showSkybox":false,"showFlares":true,"showImageEffects":true,"showParticleSystems":true,"showVisualEffectGraphs":true,"m_FxEnabled":true},"in2DMode":false,"pivot":{"x":-0.4691705107688904,"y":0.11507278680801392,"z":-0.13701725006103517},"rotation":{"x":-0.13892130553722382,"y":0.13899821043014527,"z":-0.019755151122808458,"w":-0.9809268116950989},"size":1.4146634340286255,"orthographic":false}