{"cameraMode":{"drawMode":0,"name":"Shaded","section":"Shading Mode"},"sceneLighting":false,"audioPlay":false,"sceneViewState":{"m_AlwaysRefresh":false,"showFog":true,"showSkybox":false,"showFlares":true,"showImageEffects":true,"showParticleSystems":true,"showVisualEffectGraphs":true,"m_FxEnabled":true},"in2DMode":false,"pivot":{"x":0.3433111310005188,"y":0.03436365723609924,"z":-0.24843257665634156},"rotation":{"x":-0.00782783329486847,"y":0.9878231883049011,"z":-0.06555046886205673,"w":-0.145551860332489},"size":0.5304316282272339,"orthographic":false}